{
    "i18n": {
        "restart": "আবার শুরু",
        "play": "খেলা",
        "pause": " বিরতি",
        "played": " খেলেছে",
        "volume": " ভলিউম",
        "mute": "নিঃশব্দ (F9)",
        "unmute": "আনমিউট (F9)",
        "enterFullscreen": "পূর্ণ স্ক্রীনে প্রবেশ করুন",
        "exitFullscreen": "ফুলস্ক্রিন থেকে প্রস্থান করুন",
        "settings": "সেটিংস",
        "saveState": "সেভ স্টেট (Shift + F2)",
        "loadState": "লোড স্টেট (Shift + F4)",
        "cacheManager": "Cache Manager",
        "screenRecord": "স্ক্রিন রেকর্ডিং শুরু করুন",
        "netplay": "নেটপ্লে",
        "gamepad": "নিয়ন্ত্রণ সেটিংস",
        "cheat": "প্রতারক",
        "menuBack": "আগের মেনুতে ফিরে যান",
        "normal": " স্বাভাবিক",
        "all": "সব",
        "reset": "রিসেট করুন",
        "disabled": " প্রতিবন্ধী",
        "enabled": "সক্রিয়",
        "playNow": "এখন খেলুন"
    },
    "normalOptions": {
        "shader": {
            "label": "শাদের",
            "options": {
                "disabled": " প্রতিবন্ধী",
                "2xScaleHQ.glslp": "2xScaleHQ",
                "4xScaleHQ.glslp": "4xScaleHQ",
                "crt-easymode.glslp": "সিআরটি ইজিমোড",
                "crt-aperture.glslp": "সিআরটি অ্যাপারচার",
                "crt-geom.glslp": "সিআরটি জিওম",
                "crt-mattias.glslp": "CRT mattias"
            },
            "default": "disabled"
        },
        "virtual-gamepad": {
            "label": "ভার্চুয়াল গেমপ্যাড",
            "options": {
                "disabled": " প্রতিবন্ধী",
                "enabled": "সক্রিয়"
            },
            "default": "enabled"
        }
    },
    "Control Settings": "নিয়ন্ত্রণ সেটিংস",
    "Player 1": "খেলোয়াড় 1",
    "Player 2": "খেলোয়াড় 2",
    "Player 3": "খেলোয়াড় 3",
    "Player 4": "খেলোয়াড় 4",
    "Update": "আপডেট",
    "Reset": "রিসেট করুন",
    "Clear": " পরিষ্কার",
    "Cancel": "বাতিল করুন",
    "Close": " বন্ধ",
    "Empty": " খালি",
    "Loading": "লোড হচ্ছে",
    "Submit": " জমা দিন",
    "Description": " বর্ণনা",
    "Code": "কোড",
    "Add Cheat Code": " চিট কোড যোগ করুন",
    "OK": "ঠিক আছে",
    "Add Cheat": "প্রতারণা যোগ করুন",
    "Cache Manager": "ক্যাশ ম্যানেজার",
    "Press keyboard or gamepad": "কীবোর্ড বা গেমপ্যাড টিপুন",
    "Gamepad": "গেমপ্যাড",
    "Keyboard": "কীবোর্ড",
    "Set": " সেট",
    "QUICK SAVE STATE": " দ্রুত সেভ স্টেট",
    "QUICK LOAD STATE": "কুইক লোড স্টেট",
    "CHANGE STATE SLOT": " রাজ্যের স্লট পরিবর্তন করুন৷",
    "INSERT COIN": " কয়েন ঢোকান",
    "Press escape (esc) to clear": " সাফ করতে escape (esc) টিপুন",
    "Netplay": "নেটপ্লে",
    "Rooms": "রুম",
    "Players": "খেলোয়াড়",
    "Player": "খেলোয়াড়",
    "Room Name": "রুমের নাম",
    "Password": "পাসওয়ার্ড",
    "Name": "নাম",
    "Quit Room": " রুম ছেড়ে দাও",
    "Create a Room": " একটি রুম তৈরি করুনপ্লেয়ারের নাম সেট করুন",
    "Set Player Name": "খেলোয়াড়ের নাম",
    "Player Name": "পাসওয়ার্ড (ঐচ্ছিক)",
    "Password (optional)": " নির্বাচন করুন",
    "Select": "শুরু",
    "Start": "মেনু",
    "Menu": " গেম কোর ডিকম্প্রেস করুন",
    "Decompress Game Core": "গেম ডেটা ডিকম্প্রেস করুন",
    "Decompress Game Data": " ডিকম্প্রেস গেম প্যাচ",
    "Decompress Game Patch": "গেম ডেটা ডাউনলোড করুন",
    "Download Game Data": "গেম কোর ডাউনলোড করুন",
    "Download Game Core": "নেটওয়ার্ক ত্রুটি",
    "Network Error": "ডিফল্ট",
    "Default": " ডিফল্ট",
    "default": " রাজ্যের অবস্থান সংরক্ষণ করুন৷",
    "Save State Location": " রাজ্য স্লট সংরক্ষণ করুন",
    "Save State Slot": "রঙ প্যালেট",
    "Color Palette": "কোন স্প্রাইট সীমা নেই",
    "No Sprite Limit": "সক্রিয়",
    "Enabled": " প্রতিবন্ধী",
    "Disabled": "সক্রিয়",
    "enabled": " অক্ষম",
    "disabled": "নিম্ন",
    "Low": " উচ্চ",
    "High": "খুব উচ্চ",
    "Very High": "4 প্লেয়ার সাপোর্ট",
    "4 Players Support": "টার্বো সক্ষম",
    "Turbo Enable": " কোনোটিই নয়",
    "None": "দুটোই",
    "Both": " অঞ্চল",
    "Region": "SuperFX ওভারক্লক",
    "SuperFX Overclock": " সাউন্ড কোয়ালিটি",
    "Sound Quality": "জিবি কালারাইজেশন",
    "GB Colorization": "অটো",
    "auto": " অভ্যন্তরীণ",
    "internal": "অভ্যন্তরীণ প্যালেট",
    "Internal Palette": "জিবিসি ব্লু",
    "GBC - Blue": "GBC ব্রাউন",
    "GBC - Brown": "GBC গাঢ় নীল",
    "GBC - Dark Blue": "GBC ডার্ক ব্রাউন",
    "GBC - Dark Brown": "GBC গাঢ় সবুজ",
    "GBC - Dark Green": "GBC গ্রেস্কেল",
    "GBC - Grayscale": "জিবিসি গ্রিন",
    "GBC - Green": "GBC উল্টানো",
    "GBC - Inverted": "GBC কমলা",
    "GBC - Orange": "GBC রেড",
    "GBC - Red": "GBC প্যাস্টেল মিক্স",
    "GBC - Pastel Mix": "GBC হলুদ",
    "GBC - Yellow": "ফ্রেমস্কিপ",
    "Frameskip": "সৌর সেন্সর স্তর",
    "Solar sensor level": " টার্বো বোতাম সক্ষম করুন৷",
    "Enable Turbo Buttons": "ফ্রেমে টার্বো বিলম্ব",
    "Turbo Delay in frames": "অটো",
    "Auto": "আসপেক্ট রেশিও (পৃষ্ঠা রিফ্রেশ করতে হবে)",
    "Aspect Ratio (Need to refresh page)": "16:9 রেজোলিউশন",
    "16:9 Resolution": "4:3 রেজোলিউশন",
    "4:3 Resolution": "খেলোয়াড় 1 পাক",
    "Player 1 Pak": "খেলোয়াড় 2 পাক",
    "Player 2 Pak": "খেলোয়াড় ৩ পাক",
    "Player 3 Pak": "প্লেয়ার 4 পাক",
    "Player 4 Pak": " কোনোটিই নয়",
    "none": "স্মৃতি",
    "memory": "রম্বল",
    "rumble": "স্ক্রিন লেআউট",
    "Screen layout": "ডান/বাম",
    "right/left": "বাম/ডান",
    "left/right": "নিচে/উপরে",
    "bottom/top": "শীর্ষ/নীচ",
    "top/bottom": "শুধুমাত্র উপরে",
    "top only": "শুধু নীচে",
    "bottom only": " দ্রুত সুইচ",
    "quick switch": "হাইব্রিড/নিচ",
    "hybrid/bottom": "হাইব্রিড/টপ",
    "hybrid/top": "স্ক্রিন ঘূর্ণন",
    "Screen Rotation": " CPU গতি",
    "CPU speed": " সাউন্ড আউটপুট",
    "Sound output": "মনোস্টেরিও",
    "mono": "বন্ধ",
    "stereo": " চালু",
    "OFF": "ফাস্ট ব্লিটার",
    "ON": "বায়োস",
    "Fast Blitter": "দ্বিতীয় মেমরি কার্ড সক্রিয় করুন",
    "Bios": "প্যাড 1 প্রকার",
    "Enable second memory card": "প্যাড 2 প্রকার",
    "Pad 1 Type": "প্যাড 3 প্রকার",
    "Pad 2 Type": "প্যাড 4 প্রকার",
    "Pad 3 Type": "মান",
    "Pad 4 Type": "অ্যানালগ",
    "standard": "নেগকন",
    "analog": "কম্পন সক্ষম করুন",
    "negcon": "ইন্টারলেসিং মোড(গুলি) সক্ষম করুন",
    "Enable Vibration": "বর্ধিত রেজোলিউশন (ধীরে)",
    "Enable interlacing mode(s)": "বর্ধিত রেজোলিউশন গতি হ্যাক",
    "Enhanced resolution (slow)": " আকৃতির অনুপাত",
    "Enhanced resolution speed hack": "CPU ওভারক্লক",
    "Aspect ratio": " নিও জিও মোড ফোর্স করুন",
    "CPU overclock": "ডায়াগনস্টিক ইনপুট",
    "Force Neo Geo mode": "ডাউনলোড করুনব্রাউজারে রাখুন",
    "Diagnostic Input": "ওয়েবসেম্বলি সমর্থন এই ব্রাউজারে সনাক্ত করা হয়নি",
    "download": "অনুগ্রহ করে আপনার ব্রাউজারটিকে সর্বশেষ সংস্করণে আপগ্রেড করুন৷",
    "keep in browser": " mame কনফিগারেশন অনুপস্থিত",
    "Webassembly support is not detected in this browser": "স্ক্রিন রেকর্ডিং বন্ধ করুন",
    "Please upgrade your browser to the latest version": "স্ক্রিন রেকর্ডিং শুরু করুন",
    "Missing mame config": "স্ক্রিনশট নিন",
    "Stop Screen Recording": " দ্রুত সংরক্ষণ করুন",
    "Start Screen Recording": " দ্রুত লোড",
    "Take Screenshot": "",
    "Quick Save": "undefined",
    "Quick Load": "undefined"
}