{
    "i18n": {
        "restart": "Επανεκκίνηση",
        "play": "Συνέχισε",
        "pause": "Παύση",
        "played": "Παίχτηκε",
        "volume": "Ένταση",
        "mute": "Σίγαση (F9)",
        "unmute": "Αναίρεση σίγασης (F9)",
        "enterFullscreen": "Πλήρης οθόνη",
        "exitFullscreen": "Κλείσιμο πλήρους οθόνης",
        "settings": "Ρυθμίσεις",
        "saveState": "Αποθήκευση (Shift + F2)",
        "loadState": "Φόρτωση (Shift + F4)",
        "cacheManager": "Cache Manager",
        "screenRecord": "Εγγραφή οθόνης",
        "netplay": "Online παιχνίδι",
        "gamepad": "Ρυθμίσεις χειρισμού",
        "cheat": "Κωδικοί παιχνιδιού",
        "menuBack": "Πίσω στο μενού",
        "normal": "Κανονικό",
        "all": "Όλα",
        "reset": "Επαναφορά",
        "disabled": "Απενεργοποιημένο",
        "enabled": "Ενεργοποιημένο",
        "playNow": "Παίξε τώρα"
    },
    "normalOptions": {
        "shader": {
            "label": "Σκίαση",
            "options": {
                "disabled": "Απενεργοποιημένο",
                "2xScaleHQ.glslp": "Κλίμακα x2",
                "4xScaleHQ.glslp": "Κλίμακα x4",
                "crt-easymode.glslp": "Λειτουργία οθόνης παλαιού τύπου απλή",
                "crt-aperture.glslp": "Λειτουργία οθόνης παλαιού τύπου με άνοιγμα",
                "crt-geom.glslp": "Λειτουργία οθόνης παλαιού τύπου με θόλο",
                "crt-mattias.glslp": "CRT mattias"
            },
            "default": "disabled"
        },
        "virtual-gamepad": {
            "label": "Εικονικός μοχλός",
            "options": {
                "disabled": "Απενεργοποιημένο",
                "enabled": "Ενεργοποιημένο"
            },
            "default": "enabled"
        }
    },
    "Control Settings": "Ρυθμίσεις χειρισμού",
    "Player 1": "Παίκτης 1",
    "Player 2": "Παίκτης 2",
    "Player 3": "Παίκτης 3",
    "Player 4": "Παίκτης 4",
    "Update": "Ενημέρωση",
    "Reset": "Επαναφορά",
    "Clear": "Καθαρισμός",
    "Cancel": "Ακύρωση",
    "Close": "Κλείσιμο",
    "Empty": "Άδειασμα",
    "Loading": "Φορτώνει",
    "Submit": "Υποβολή",
    "Description": "Περιγραφή",
    "Code": "Κωδικός",
    "Add Cheat Code": "Προσθήκη κωδικού παιχνιδιού",
    "OK": "Εντάξει",
    "Add Cheat": "Προσθήκη κωδικού",
    "Cache Manager": "Διαχείριση μνήμης",
    "Press keyboard or gamepad": "Πατήστε στο πληκτρολόγιο ή στο μοχλό",
    "Gamepad": "Μοχλός",
    "Keyboard": "Πληκτρολόγιο",
    "Set": "Διαμόρφωση",
    "QUICK SAVE STATE": "Γρήγορη αποθήκευση",
    "QUICK LOAD STATE": "Γρήγορη φόρτωση",
    "CHANGE STATE SLOT": "Εναλλαγή θέσης αποθήκευσης",
    "INSERT COIN": "Βάλτε κέρμα",
    "Press keyboard or gamepad": "Πατήστε στο πληκτρολόγιο ή στο μοχλό",
    "Press escape (esc) to clear": "Πατήστε escape (esc) για καθαρισμό",
    "Netplay": "Online παιχνίδι",
    "Rooms": "Online παιχνίδια",
    "Players": "Παίκτες",
    "Player": "Παίκτης",
    "Room Name": "Όνομα online παιχνιδιού",
    "Password": "Κωδικός",
    "Name": "Όνομα",
    "Quit Room": "Έξοδος",
    "Create a Room": "Δημιουργία online παιχνιδιού",
    "Set Player Name": "Δημιουργία ονόματος παίκτη",
    "Player Name": "Όνομα παίκτη",
    "Room Name": "Όνομα online παιχνιδιού",
    "Create a Room": "Δημιουργία online παιχνιδιού",
    "Password (optional)": "Κωδικός (προαιρετικά)",
    "Select": "Select",
    "Start": "Start",
    "Menu": "Menu",
    "Decompress Game Core": "Αποσυμπίεση αρχείου πυρήνα παιχνιδιού",
    "Decompress Game Data": "Αποσυμπίεση αρχείων παιχνιδιού",
    "Decompress Game Patch": "Αποσυμπίεση πρόσθετων αρχείων παιχνιδιού",
    "Download Game Data": "Λήψη αρχείων παιχνιδιού",
    "Download Game Core": "Λήψη αρχείου πυρήνα παιχνιδιού",
    "Network Error": "Σφάλμα δικτύου",
    "Default": "Προκαθορισμένο",
    "default": "προκαθορισμένο",
    "Save State Location": "Διαδρομή αποθήκευσης",
    "Save State Slot": "Θυρίδα αποθήκευσης",
    "Color Palette": "Χρωματοπαλέτα",
    "No Sprite Limit": "Στοιχεία χωρίς όριο",
    "Enabled": "Ενεργοποιημένο",
    "Disabled": "Απενεργοποιημένο",
    "enabled": "ενεργοποιημένο",
    "disabled": "απενεργοποιημένο",
    "Low": "Χαμηλό",
    "High": "Υψηλό",
    "Very High": "Πολύ Υψηλό",
    "4 Players Support": "Υποστήριξη 4 παικτών",
    "Turbo Enable": "Ενεργοποίηση Turbo",
    "None": "Κανένα",
    "Both": "Και τα δύο",
    "Region": "Περιοχή",
    "SuperFX Overclock": "Υπερχρονισμός SuperFX",
    "Sound Quality": "Ποιότητα ήχου",
    "GB Colorization": "Χρωματισμός GB",
    "auto": "αυτόματο",
    "internal": "εσωτερικό",
    "Internal Palette": "Εσωτερική Παλέτα",
    "GBC - Blue": "GBC - Μπλε",
    "GBC - Brown": "GBC - Καφέ",
    "GBC - Dark Blue": "GBC - Σκούρο Μπλε",
    "GBC - Dark Brown": "GBC - Σκούρο Καφέ",
    "GBC - Dark Green": "GBC - Σκούρο Πράσινο",
    "GBC - Grayscale": "GBC - Κλίμακα του γκρι",
    "GBC - Green": "GBC - Πράσινο",
    "GBC - Inverted": "GBC - Ανεστραμμένο",
    "GBC - Orange": "GBC - Πορτοκαλί",
    "GBC - Red": "GBC - Κόκκινο",
    "GBC - Pastel Mix": "GBC - Παστέλ Μίξη",
    "GBC - Yellow": "GBC - Κίτρινο",
    "Frameskip": "Παράλειψη Καρέ",
    "Solar sensor level": "Επίπεδο ηλιακού σένσορα",
    "Enable Turbo Buttons": "Ενεργοποίηση τούρμπο κουμπιών",
    "Turbo Delay in frames": "Καθυστέρηση τούρμπο στα καρέ",
    "Auto": "Αυτόματο",
    "Aspect Ratio (Need to refresh page)": "Αναλογία Απεικόνισης (Χρειάζεται ανανέωση σελίδας)",
    "16:9 Resolution": "16:9 Ανάλυση",
    "4:3 Resolution": "4:3 Ανάλυση",
    "Player 1 Pak": "Παίκτης 1 Pak",
    "Player 2 Pak": "Παίκτης 2 Pak",
    "Player 3 Pak": "Παίκτης 3 Pak",
    "Player 4 Pak": "Παίκτης 4 Pak",
    "none": "κανένα",
    "memory": "μνήμη",
    "rumble": "rumble",
    "Screen layout": "Διάταξη οθόνης",
    "right/left": "δεξιά/αριστερά",
    "left/right": "αριστερά/δεξιά",
    "bottom/top": "κάτω/επάνω",
    "top/bottom": "επάνω/κάτω",
    "top only": "Μόνο επάνω",
    "bottom only": "Μόνο κάτω",
    "quick switch": "Γρήγορη εναλλαγή",
    "hybrid/bottom": "Υβριδικά/κάτω",
    "hybrid/top": "-Υβριδικά/επάνω",
    "Screen Rotation": "Περιστροφή οθόνης",
    "CPU speed": "Ταχύτητα επεξεργαστή",
    "Sound output": "Έξοδος ήχου",
    "mono": "μονοφωνικός",
    "stereo": "στερεοφωνικός",
    "OFF": "ΚΛΕΙΣΤΟ",
    "ON": "ΑΝΟΙΚΤΟ",
    "Fast Blitter": "Γρήγορο Μπλίτερ",
    "Bios": "Bios",
    "Enable second memory card": "Ενεργοποίηση δεύτερης κάρτας μνήμης",
    "Pad 1 Type": "Τύπος Pad 1",
    "Pad 2 Type": "Τύπος Pad 2",
    "Pad 3 Type": "Τύπος Pad 3",
    "Pad 4 Type": "Τύπος Pad 4",
    "standard": "πρότυπο",
    "analog": "αναλογικός μοχλος",
    "negcon": "negcon μοχλός",
    "Enable Vibration": "Ενεργοποίηση Δόνησης",
    "Enable interlacing mode(s)": "Ενεργοποίηση λειτουργίας διαπλοκής(s)",
    "Enhanced resolution (slow)": "Βελτιωμένη ανάλυση (αργό)",
    "Enhanced resolution speed hack": "Βελτιωμένη ανάλυση χακάρισμα ταχύτητας",
    "Aspect ratio": "Αναλογία απεικόνισης",
    "CPU overclock": "Υπερχρονισμός επεξεργαστή",
    "Force Neo Geo mode": "Επιβολή λειτουργίας Neo Geo",
    "Diagnostic Input": "Διαγωνστική εισαγωγή",
    "download": "λήψη",
    "keep in browser": "αποθήκευση στον περιηγητή",
    "Webassembly support is not detected in this browser": "Η λειτουργία Webassembly δεν υποστηρίζεται από τον τρέχον περιηγητή",
    "Please upgrade your browser to the latest version": "Παρακαλώ αναβαθμίστε τον περιηγητή σας στην τελευταία έκδοση",
    "Missing mame config": "Λείπει το αρχείο διαμόρφωσης mame",
    "Stop Screen Recording": "Στάματημα εγγραφής οθόνης",
    "Start Screen Recording": "Εκκίνηση εγγραφής οθόνης",
    "Take Screenshot": "Στιγμιότυπο οθόνης",
    "Quick Save": "Γρήγορη Αποθήκευση",
    "Quick Load": "Γρήγορη Φόρτωση"
}
