{
    "i18n": {
        "restart": "-Restart",
        "play": "-Play",
        "pause": "-Pause",
        "played": "-Played",
        "volume": "-Volume",
        "mute": "-Mute (F9)",
        "unmute": "-Unmute (F9)",
        "enterFullscreen": "-Enter fullscreen",
        "exitFullscreen": "-Exit fullscreen",
        "settings": "-Settings",
        "saveState": "-Save State (Shift + F2)",
        "loadState": "-Load State (Shift + F4)",
        "screenRecord": "-Start Screen Recording",
        "cacheManager": "-Cache Manager",
        "netplay": "-Netplay",
        "gamepad": "-Control Settings",
        "cheat": "-Cheats",
        "menuBack": "-Go back to previous menu",
        "normal": "-Normal",
        "all": "-All",
        "reset": "-Reset",
        "disabled": "-Disabled",
        "enabled": "-Enabled",
        "playNow": "-Play Now"
    },
    "normalOptions": {
        "shader": {
            "label": "-Shader",
            "options": {
                "disabled": "-Disabled",
                "2xScaleHQ.glslp": "-2xScaleHQ",
                "4xScaleHQ.glslp": "-4xScaleHQ",
                "crt-easymode.glslp": "-CRT easymode",
                "crt-aperture.glslp": "-CRT aperture",
                "crt-geom.glslp": "-CRT geom",
                "crt-mattias.glslp": "-CRT mattias"
            },
            "default": "disabled"
        },
        "virtual-gamepad": {
            "label": "-Virtual Gamepad",
            "options": {
                "disabled": "-Disabled",
                "enabled": "-Enabled"
            },
            "default": "enabled"
        }
    },
    "Control Settings": "-Control Settings",
    "Player 1": "-Player 1",
    "Player 2": "-Player 2",
    "Player 3": "-Player 3",
    "Player 4": "-Player 4",
    "Update": "-Update",
    "Reset": "-Reset",
    "Clear": "-Clear",
    "Cancel": "-Cancel",
    "Close": "-Close",
    "Empty": "-Empty",
    "Loading": "-Loading",
    "Submit": "-Submit",
    "Description": "-Description",
    "Code": "-Code",
    "Add Cheat Code": "-Add Cheat Code",
    "OK": "-OK",
    "Add Cheat": "-Add Cheat",
    "Cache Manager": "-Cache Manager",
    "Press keyboard or gamepad": "-Press keyboard or gamepad",
    "Gamepad": "-Gamepad",
    "Keyboard": "-Keyboard",
    "Set": "-Set",
    "QUICK SAVE STATE": "-QUICK SAVE STATE",
    "QUICK LOAD STATE": "-QUICK LOAD STATE",
    "CHANGE STATE SLOT": "-CHANGE STATE SLOT",
    "INSERT COIN": "-INSERT COIN",
    "Press keyboard or gamepad": "-Press keyboard or gamepad",
    "Press escape (esc) to clear": "-Press escape (esc) to clear",
    "Netplay": "-Netplay",
    "Rooms": "-Rooms",
    "Players": "-Players",
    "Player": "-Player",
    "Room Name": "-Room Name",
    "Password": "-Password",
    "Name": "-Name",
    "Quit Room": "-Quit Room",
    "Create a Room": "-Create a Room",
    "Set Player Name": "-Set Player Name",
    "Player Name": "-Player Name",
    "Room Name": "-Room Name",
    "Create a Room": "-Create a Room",
    "Password (optional)": "-Password (optional)",
    "Select": "-Select",
    "Start": "-Start",
    "Menu": "-Menu",
    "Decompress Game Core": "-Decompress Game Core",
    "Decompress Game Data": "-Decompress Game Data",
    "Decompress Game Patch": "-Decompress Game Patch",
    "Download Game Data": "-Download Game Data",
    "Download Game Core": "-Download Game Core",
    "Network Error": "-Network Error",
    "Default": "-Default",
    "default": "-default",
    "Save State Location": "-Save State Location",
    "Save State Slot": "-Save State Slot",
    "Color Palette": "-Color Palette",
    "No Sprite Limit": "-No Sprite Limit",
    "Enabled": "-Enabled",
    "Disabled": "-Disabled",
    "enabled": "-enabled",
    "disabled": "-disabled",
    "Low": "-Low",
    "High": "-High",
    "Very High": "-Very High",
    "4 Players Support": "-4 Players Support",
    "Turbo Enable": "-Turbo Enable",
    "None": "-None",
    "Both": "-Both",
    "Region": "-Region",
    "SuperFX Overclock": "-SuperFX Overclock",
    "Sound Quality": "-Sound Quality",
    "GB Colorization": "-GB Colorization",
    "auto": "-auto",
    "internal": "-internal",
    "Internal Palette": "-Internal Palette",
    "GBC - Blue": "-GBC - Blue",
    "GBC - Brown": "-GBC - Brown",
    "GBC - Dark Blue": "-GBC - Dark Blue",
    "GBC - Dark Brown": "-GBC - Dark Brown",
    "GBC - Dark Green": "-GBC - Dark Green",
    "GBC - Grayscale": "-GBC - Grayscale",
    "GBC - Green": "-GBC - Green",
    "GBC - Inverted": "-GBC - Inverted",
    "GBC - Orange": "-GBC - Orange",
    "GBC - Red": "-GBC - Red",
    "GBC - Pastel Mix": "-GBC - Pastel Mix",
    "GBC - Yellow": "-GBC - Yellow",
    "Frameskip": "-Frameskip",
    "Solar sensor level": "-Solar sensor level",
    "Enable Turbo Buttons": "-Enable Turbo Buttons",
    "Turbo Delay in frames": "-Turbo Delay in frames",
    "Auto": "-Auto",
    "Aspect Ratio (Need to refresh page)": "-Aspect Ratio (Need to refresh page)",
    "16:9 Resolution": "-16:9 Resolution",
    "4:3 Resolution": "-4:3 Resolution",
    "Player 1 Pak": "-Player 1 Pak",
    "Player 2 Pak": "-Player 2 Pak",
    "Player 3 Pak": "-Player 3 Pak",
    "Player 4 Pak": "-Player 4 Pak",
    "none": "-none",
    "memory": "-memory",
    "rumble": "-rumble",
    "Screen layout": "-Screen layout",
    "right/left": "-right/left",
    "left/right": "-left/right",
    "bottom/top": "-bottom/top",
    "top/bottom": "-top/bottom",
    "top only": "-top only",
    "bottom only": "-bottom only",
    "quick switch": "-quick switch",
    "hybrid/bottom": "-hybrid/bottom",
    "hybrid/top": "-hybrid/top",
    "Screen Rotation": "-Screen Rotation",
    "CPU speed": "-CPU speed",
    "Sound output": "-Sound output",
    "mono": "-mono",
    "stereo": "-stereo",
    "OFF": "-OFF",
    "ON": "-ON",
    "Fast Blitter": "-Fast Blitter",
    "Bios": "-Bios",
    "Enable second memory card": "-Enable second memory card",
    "Pad 1 Type": "-Pad 1 Type",
    "Pad 2 Type": "-Pad 2 Type",
    "Pad 3 Type": "-Pad 3 Type",
    "Pad 4 Type": "-Pad 4 Type",
    "standard": "-standard",
    "analog": "-analog",
    "negcon": "-negcon",
    "Enable Vibration": "-Enable Vibration",
    "Enable interlacing mode(s)": "-Enable interlacing mode(s)",
    "Enhanced resolution (slow)": "-Enhanced resolution (slow)",
    "Enhanced resolution speed hack": "-Enhanced resolution speed hack",
    "Aspect ratio": "-Aspect ratio",
    "CPU overclock": "-CPU overclock",
    "Force Neo Geo mode": "-Force Neo Geo mode",
    "Diagnostic Input": "-Diagnostic Input",
    "download": "-download",
    "keep in browser": "-keep in browser",
    "Webassembly support is not detected in this browser": "-Webassembly support is not detected in this browser",
    "Please upgrade your browser to the latest version": "-Please upgrade your browser to the latest version",
    "Missing mame config": "-Missing mame config",
    "Stop Screen Recording": "-Stop Screen Recording",
    "Start Screen Recording": "-Start Screen Recording",
    "Take Screenshot": "-Take Screenshot",
    "Quick Save": "-Quick Save",
    "Quick Load": "-Quick Load"
}
