{
    "i18n": {
        "restart": "पुनर्प्रारंभ करें",
        "play": "चलाएं",
        "pause": "रोकें",
        "played": "खेला",
        "volume": "वॉल्यूम",
        "mute": "म्यूट (F9)",
        "unmute": "अनम्यूट (F9)",
        "enterFullscreen": "पूर्ण स्क्रीन दर्ज करें",
        "exitFullscreen": "फुलस्क्रीन से बाहर निकलें",
        "settings": "सेटिंग्स",
        "saveState": "राज्य बचाओ (Shift + F2)",
        "loadState": "लोड स्टेट (Shift + F4)",
        "cacheManager": "Cache Manager",
        "screenRecord": "स्क्रीन रिकॉर्डिंग शुरू करें",
        "netplay": "नेटप्ले",
        "gamepad": "नियंत्रण सेटिंग्स",
        "cheat": "धोखा",
        "menuBack": "पिछले मेनू पर वापस जाएं",
        "normal": "सामान्य",
        "all": "ऑल",
        "reset": "रीसेट",
        "disabled": "अक्षम",
        "enabled": "सक्षम",
        "playNow": "अभी खेलें"
    },
    "normalOptions": {
        "shader": {
            "label": "शदर",
            "options": {
                "disabled": "अक्षम",
                "2xScaleHQ.glslp": "2xScaleHQ",
                "4xScaleHQ.glslp": "4xScaleHQ",
                "crt-easymode.glslp": "सीआरटी ईज़ीमोड",
                "crt-aperture.glslp": "सीआरटी एपर्चर",
                "crt-geom.glslp": "सीआरटी जियोम",
                "crt-mattias.glslp": "CRT mattias"
            },
            "default": "disabled"
        },
        "virtual-gamepad": {
            "label": "वर्चुअल गेमपैड",
            "options": {
                "disabled": "अक्षम",
                "enabled": "सक्षम"
            },
            "default": "enabled"
        }
    },
    "Control Settings": "नियंत्रण सेटिंग्स",
    "Player 1": "खिलाड़ी 1",
    "Player 2": "खिलाड़ी 2",
    "Player 3": "खिलाड़ी 3",
    "Player 4": "खिलाड़ी 4",
    "Update": "अपडेट",
    "Reset": "रीसेट",
    "Clear": "साफ़ करें",
    "Cancel": "रद्द करें",
    "Close": "बंद",
    "Empty": "खाली",
    "Loading": "लोड हो रहा है",
    "Submit": "सबमिट",
    "Description": "विवरण",
    "Code": "कोड",
    "Add Cheat Code": "चीट कोड जोड़ें",
    "OK": "ठीक है",
    "Add Cheat": "धोखा जोड़ें",
    "Cache Manager": "कैश मैनेजर",
    "Press keyboard or gamepad": "कीबोर्ड या गेमपैड दबाएं",
    "Gamepad": "गेमपैड",
    "Keyboard": "कीबोर्ड",
    "Set": "सेट",
    "QUICK SAVE STATE": "क्विक सेव स्टेट",
    "QUICK LOAD STATE": "त्वरित लोड स्थिति",
    "CHANGE STATE SLOT": "राज्य स्लॉट बदलें",
    "INSERT COIN": "इन्सर्ट कॉइन",
    "Press escape (esc) to clear": "साफ़ करने के लिए एस्केप (esc) दबाएं",
    "Netplay": "नेटप्ले",
    "Rooms": "कमरे",
    "Players": "खिलाड़ी",
    "Player": "खिलाड़ी",
    "Room Name": "कमरे का नाम",
    "Password": "पासवर्ड",
    "Name": "नाम",
    "Quit Room": "छोड़ो कमरा",
    "Create a Room": "एक कमरा बनाएं",
    "Set Player Name": "सेट प्लेयर का नाम",
    "Player Name": "खिलाड़ी का नाम",
    "Password (optional)": "पासवर्ड (वैकल्पिक)",
    "Select": "चुनें",
    "Start": "स्टार्ट",
    "Menu": "मेनू",
    "Decompress Game Core": "डिकंप्रेस गेम कोर",
    "Decompress Game Data": "डिकंप्रेस गेम डेटा",
    "Decompress Game Patch": "डीकंप्रेस गेम पैच",
    "Download Game Data": "गेम डेटा डाउनलोड करें",
    "Download Game Core": "डाउनलोड गेम कोर",
    "Network Error": "नेटवर्क त्रुटि",
    "Default": "डिफ़ॉल्ट",
    "default": "डिफ़ॉल्ट",
    "Save State Location": "राज्य स्थान सहेजें",
    "Save State Slot": "सेव स्टेट स्लॉट",
    "Color Palette": "रंग पैलेट",
    "No Sprite Limit": "कोई स्प्राइट सीमा नहीं",
    "Enabled": "सक्षम",
    "Disabled": "अक्षम",
    "enabled": "सक्षम",
    "disabled": "अक्षम",
    "Low": "लो",
    "High": "हाई",
    "Very High": "वेरी हाई",
    "4 Players Support": "4 खिलाड़ी समर्थन",
    "Turbo Enable": "टर्बो सक्षम",
    "None": "कोई नहीं",
    "Both": "दोनों",
    "Region": "क्षेत्र",
    "SuperFX Overclock": "सुपरएफएक्स ओवरक्लॉक",
    "Sound Quality": "ध्वनि गुणवत्ता",
    "GB Colorization": "जीबी रंगीकरण",
    "auto": "ऑटो",
    "internal": "आंतरिक",
    "Internal Palette": "आंतरिक पैलेट",
    "GBC - Blue": "जीबीसी ब्लू",
    "GBC - Brown": "जीबीसी ब्राउन",
    "GBC - Dark Blue": "जीबीसी डार्क ब्लू",
    "GBC - Dark Brown": "जीबीसी डार्क ब्राउन",
    "GBC - Dark Green": "जीबीसी डार्क ग्रीन",
    "GBC - Grayscale": "जीबीसी ग्रेस्केल",
    "GBC - Green": "जीबीसी ग्रीन",
    "GBC - Inverted": "जीबीसी उलटा",
    "GBC - Orange": "जीबीसी ऑरेंज",
    "GBC - Red": "जीबीसी रेड",
    "GBC - Pastel Mix": "जीबीसी पेस्टल मिक्स",
    "GBC - Yellow": "जीबीसी पीला",
    "Frameskip": "फ्रेमस्किप",
    "Solar sensor level": "सौर सेंसर स्तर",
    "Enable Turbo Buttons": "टर्बो बटन सक्षम करें",
    "Turbo Delay in frames": "फ्रेम में टर्बो विलंब",
    "Auto": "ऑटो",
    "Aspect Ratio (Need to refresh page)": "पहलू अनुपात (पेज को रीफ्रेश करने की आवश्यकता है)",
    "16:9 Resolution": "16:9 संकल्प",
    "4:3 Resolution": "4:3 संकल्प",
    "Player 1 Pak": "खिलाड़ी 1 पाक",
    "Player 2 Pak": "खिलाड़ी 2 पाक",
    "Player 3 Pak": "खिलाड़ी 3 पाक",
    "Player 4 Pak": "खिलाड़ी 4 पाक",
    "none": "कोई नहीं",
    "memory": "स्मृति",
    "rumble": "रंबल",
    "Screen layout": "स्क्रीन लेआउट",
    "right/left": "दाएं/बाएं",
    "left/right": "बाएं/दाएं",
    "bottom/top": "नीचे/ऊपर",
    "top/bottom": "ऊपर/नीचे",
    "top only": "केवल शीर्ष",
    "bottom only": "केवल नीचे",
    "quick switch": "त्वरित स्विच",
    "hybrid/bottom": "हाइब्रिड/बॉटम",
    "hybrid/top": "हाइब्रिड/टॉप",
    "Screen Rotation": "स्क्रीन रोटेशन",
    "CPU speed": "सीपीयू स्पीड",
    "Sound output": "ध्वनि आउटपुट",
    "mono": "मोनो",
    "stereo": "स्टीरियो",
    "OFF": "ऑफ",
    "ON": "ओएन",
    "Fast Blitter": "फास्ट ब्लिटर",
    "Bios": "बायोस",
    "Enable second memory card": "दूसरा मेमोरी कार्ड सक्षम करें",
    "Pad 1 Type": "पैड 1 प्रकार",
    "Pad 2 Type": "पैड 2 प्रकार",
    "Pad 3 Type": "पैड 3 प्रकार",
    "Pad 4 Type": "पैड 4 प्रकार",
    "standard": "मानक",
    "analog": "एनालॉग",
    "negcon": "नेगकॉन",
    "Enable Vibration": "कंपन सक्षम करें",
    "Enable interlacing mode(s)": "इंटरलेसिंग मोड सक्षम करें",
    "Enhanced resolution (slow)": "उन्नत संकल्प (धीमा)",
    "Enhanced resolution speed hack": "एन्हांस्ड रेजोल्यूशन स्पीड हैक",
    "Aspect ratio": "पहलू अनुपात",
    "CPU overclock": "सीपीयू ओवरक्लॉक",
    "Force Neo Geo mode": "फोर्स नियो जियो मोड",
    "Diagnostic Input": "नैदानिक ​​इनपुट",
    "download": "डाउनलोड",
    "keep in browser": "ब्राउज़र में रखें",
    "Webassembly support is not detected in this browser": "इस ब्राउज़र में Webassembly समर्थन का पता नहीं चला है",
    "Please upgrade your browser to the latest version": "कृपया अपने ब्राउज़र को नवीनतम संस्करण में अपग्रेड करें",
    "Missing mame config": "मिसिंग मैम कॉन्फिग",
    "Stop Screen Recording": "स्क्रीन रिकॉर्डिंग बंद करो",
    "Start Screen Recording": "स्क्रीन रिकॉर्डिंग शुरू करें",
    "Take Screenshot": "स्क्रीनशॉट लें",
    "Quick Save": "क्विक सेव",
    "Quick Load": "त्वरित लोड"
}