{
    "i18n": {
        "restart": "Baleni meneh",
        "play": " Dolanan",
        "pause": " Ngaso",
        "played": " Diputer",
        "volume": " Volume",
        "mute": " Bisu (F9)",
        "unmute": " Mbusak bisu (F9)",
        "enterFullscreen": "Ketik layar wutuh",
        "exitFullscreen": " Metu saka layar wutuh",
        "settings": " Setelan",
        "saveState": "Simpen Status (Shift + F2)",
        "loadState": "Muat Status (Shift + F4)",
        "cacheManager": "Cache Manager",
        "screenRecord": " Miwiti Rekaman Layar",
        "netplay": " Netplay",
        "gamepad": " Setelan Kontrol",
        "cheat": " Ngapusi",
        "menuBack": " Bali menyang menu sadurungé",
        "normal": " Biasa wae",
        "all": " Kabeh",
        "reset": " Reset",
        "disabled": " Dipatèni",
        "enabled": " Diaktifake",
        "playNow": " Play Saiki"
    },
    "normalOptions": {
        "shader": {
            "label": " Shader",
            "options": {
                "disabled": " Dipatèni",
                "2xScaleHQ.glslp": "2xSkalaHQ",
                "4xScaleHQ.glslp": "4xSkalaHQ",
                "crt-easymode.glslp": "CRT mode gampang",
                "crt-aperture.glslp": " Bukaan CRT",
                "crt-geom.glslp": " CRT geom",
                "crt-mattias.glslp": "CRT mattias"
            },
            "default": "disabled"
        },
        "virtual-gamepad": {
            "label": " Virtual Gamepad",
            "options": {
                "disabled": " Dipatèni",
                "enabled": " Diaktifake"
            },
            "default": "enabled"
        }
    },
    "Control Settings": " Setelan Kontrol",
    "Player 1": " Pamuter 1",
    "Player 2": " Pamuter 2",
    "Player 3": " Pamuter 3",
    "Player 4": " Pamuter 4",
    "Update": " Nganyari",
    "Reset": " Reset",
    "Clear": " Cetha",
    "Cancel": " Batal",
    "Close": " Nutup",
    "Empty": "Kosong",
    "Loading": " Loading",
    "Submit": " Ngirim",
    "Description": " Katrangan",
    "Code": " Kode",
    "Add Cheat Code": "Tambah Kode Ngapusi",
    "OK": " OKE",
    "Add Cheat": " Tambah Ngapusi",
    "Cache Manager": " Pangurus Cache",
    "Press keyboard or gamepad": "Pencet keyboard utawa gamepad",
    "Gamepad": " Gamepad",
    "Keyboard": " Papan ketik",
    "Set": " Setel",
    "QUICK SAVE STATE": " CEPAT SIMPEN NEGARA",
    "QUICK LOAD STATE": " NEGARA MUNGKIN CEPAT",
    "CHANGE STATE SLOT": "GANTENG STATE SLOT",
    "INSERT COIN": " INSERT COIN",
    "Press escape (esc) to clear": "Pencet escape (esc) kanggo mbusak",
    "Netplay": " Netplay",
    "Rooms": " Kamar",
    "Players": " Pamuter",
    "Player": " Pamuter",
    "Room Name": " Jeneng Kamar",
    "Password": " Sandi",
    "Name": " Jeneng",
    "Quit Room": " Metu Kamar",
    "Create a Room": " Gawe Kamar",
    "Set Player Name": " Setel Jeneng Pamuter",
    "Player Name": " Jeneng Pamuter",
    "Password (optional)": " Sandi (opsional)",
    "Select": " Pilih",
    "Start": " Miwiti",
    "Menu": " Menu",
    "Decompress Game Core": "Decompress Game Core",
    "Decompress Game Data": "Decompress Game Data",
    "Decompress Game Patch": " Dekompres Game Patch",
    "Download Game Data": "Download Game Data",
    "Download Game Core": " Unduh Game Core",
    "Network Error": " Kesalahan Jaringan",
    "Default": " Default",
    "default": " gawan",
    "Save State Location": "Simpen Lokasi Negara",
    "Save State Slot": " Simpen Slot Negara",
    "Color Palette": " Palet Warna",
    "No Sprite Limit": " Ora ana watesan Sprite",
    "Enabled": " Diaktifake",
    "Disabled": " Dipatèni",
    "enabled": " diaktifake",
    "disabled": " dipatèni",
    "Low": " Sedheng",
    "High": " Dhuwur",
    "Very High": " Dhuwur Banget",
    "4 Players Support": "4 Dhukungan Pemain",
    "Turbo Enable": " Turbo Aktifake",
    "None": " Ora ana",
    "Both": " Loro-lorone",
    "Region": " Wilayah",
    "SuperFX Overclock": " SuperFX Overclock",
    "Sound Quality": " Kualitas Swara",
    "GB Colorization": "Warna GB",
    "auto": " otomatis",
    "internal": " internal",
    "Internal Palette": " Palet Internal",
    "GBC - Blue": " GBC Biru",
    "GBC - Brown": " GBC Coklat",
    "GBC - Dark Blue": "GBC Biru Tua",
    "GBC - Dark Brown": "GBC Coklat Tua",
    "GBC - Dark Green": " GBC Ijo peteng",
    "GBC - Grayscale": "GBC Grayscale",
    "GBC - Green": " GBC Green",
    "GBC - Inverted": "GBC Walik",
    "GBC - Orange": " GBC Oranye",
    "GBC - Red": " GBC Abang",
    "GBC - Pastel Mix": "GBC Pastel Mix",
    "GBC - Yellow": " GBC Kuning",
    "Frameskip": " Frameskip",
    "Solar sensor level": " Tingkat sensor surya",
    "Enable Turbo Buttons": "Aktifake Tombol Turbo",
    "Turbo Delay in frames": "Tundha Turbo ing pigura",
    "Auto": " Otomatis",
    "Aspect Ratio (Need to refresh page)": "Rasio Aspek (Perlu refresh kaca)",
    "16:9 Resolution": " 16:9 Résolusi",
    "4:3 Resolution": "4:3 Résolusi",
    "Player 1 Pak": "Pemain 1 Pak",
    "Player 2 Pak": " Pamuter 2 Pak",
    "Player 3 Pak": "Pemain 3 Pak",
    "Player 4 Pak": " Pamuter 4 Pak",
    "none": " ora ana",
    "memory": " memori",
    "rumble": " gumujeng",
    "Screen layout": " Tata letak layar",
    "right/left": " tengen / kiwa",
    "left/right": " kiwa/tengen",
    "bottom/top": " ngisor / ndhuwur",
    "top/bottom": " ndhuwur / ngisor",
    "top only": " mung ndhuwur",
    "bottom only": " mung ngisor",
    "quick switch": " ngalih cepet",
    "hybrid/bottom": " hibrida / ngisor",
    "hybrid/top": " hibrida / ndhuwur",
    "Screen Rotation": " Rotasi Layar",
    "CPU speed": " Kacepetan CPU",
    "Sound output": " Output swara",
    "mono": " mono",
    "stereo": " stereo",
    "OFF": " MATI",
    "ON": " ON",
    "Fast Blitter": " Cepet Blitter",
    "Bios": " Bios",
    "Enable second memory card": "Aktifake kertu memori kapindho",
    "Pad 1 Type": "Pad 1 Tipe",
    "Pad 2 Type": " Tipe Pad 2",
    "Pad 3 Type": " Tipe Pad 3",
    "Pad 4 Type": "Pad 4 Tipe",
    "standard": " standar",
    "analog": " analog",
    "negcon": "negkon",
    "Enable Vibration": " Aktifake Geter",
    "Enable interlacing mode(s)": "Aktifake mode interlacing",
    "Enhanced resolution (slow)": "Resolusi sing ditingkatake (alon)",
    "Enhanced resolution speed hack": "Retas kacepetan résolusi sing ditingkatake",
    "Aspect ratio": " Rasio aspek",
    "CPU overclock": " CPU overclock",
    "Force Neo Geo mode": " Mode Force Neo Geo",
    "Diagnostic Input": " Input Diagnostik",
    "download": "undhuh",
    "keep in browser": " tetep ing browser",
    "Webassembly support is not detected in this browser": "Dhukungan webassembly ora dideteksi ing browser iki",
    "Please upgrade your browser to the latest version": "Mangga upgrade browser sampeyan menyang versi paling anyar",
    "Missing mame config": "Konfigurasi mame ilang",
    "Stop Screen Recording": " Mungkasi Rekaman Layar",
    "Start Screen Recording": " Miwiti Rekaman Layar",
    "Take Screenshot": " Njupuk Screenshot",
    "Quick Save": " Cepet Simpen",
    "Quick Load": " Muatan Cepet"
}