{
    "i18n": {
        "restart": "재시작",
        "play": "플레이",
        "pause": "일시 중지",
        "played": "플레이",
        "volume": "볼륨",
        "mute": "음소거(F9)",
        "unmute": "음소거 해제(F9)",
        "enterFullscreen": "전체 화면으로 전환",
        "exitFullscreen": "전체 화면 종료",
        "settings": "설정",
        "saveState": "상태 저장(Shift + F2)",
        "loadState": "로드 상태(Shift + F4)",
        "cacheManager": "Cache Manager",
        "screenRecord": "화면 녹화 시작",
        "netplay": "넷플레이",
        "gamepad": "제어 설정",
        "cheat": "치트",
        "menuBack": "이전 메뉴로 돌아가기",
        "normal": "일반",
        "all": "모두",
        "reset": "리셋",
        "disabled": "장애인",
        "enabled": "활성화됨",
        "playNow": "지금 플레이"
    },
    "normalOptions": {
        "shader": {
            "label": "쉐이더",
            "options": {
                "disabled": "장애인",
                "2xScaleHQ.glslp": "2xScaleHQ",
                "4xScaleHQ.glslp": "4xScaleHQ",
                "crt-easymode.glslp": "CRT 이지모드",
                "crt-aperture.glslp": "CRT 조리개",
                "crt-geom.glslp": "CRT 지오메트리",
                "crt-mattias.glslp": "CRT mattias"
            },
            "default": "disabled"
        },
        "virtual-gamepad": {
            "label": "가상 게임패드",
            "options": {
                "disabled": "장애인",
                "enabled": "활성화됨"
            },
            "default": "enabled"
        }
    },
    "Control Settings": "제어 설정",
    "Player 1": "플레이어 1",
    "Player 2": "플레이어 2",
    "Player 3": "플레이어 3",
    "Player 4": "플레이어 4",
    "Update": "업데이트",
    "Reset": "리셋",
    "Clear": "클리어",
    "Cancel": "취소",
    "Close": "닫기",
    "Empty": "비어 있음",
    "Loading": "로드 중",
    "Submit": "제출",
    "Description": "설명",
    "Code": "코드",
    "Add Cheat Code": "치트 코드 추가",
    "OK": "알았어",
    "Add Cheat": "치트 추가",
    "Cache Manager": "캐시 관리자",
    "Press keyboard or gamepad": "키보드 또는 게임패드 누르기",
    "Gamepad": "게임패드",
    "Keyboard": "키보드",
    "Set": "세트",
    "QUICK SAVE STATE": "빠른 저장 상태",
    "QUICK LOAD STATE": "빠른 로드 상태",
    "CHANGE STATE SLOT": "상태 슬롯 변경",
    "INSERT COIN": "코인 삽입",
    "Press escape (esc) to clear": "이스케이프(esc)를 눌러 지우십시오.",
    "Netplay": "넷플레이",
    "Rooms": "객실",
    "Players": "선수",
    "Player": "플레이어",
    "Room Name": "방 이름",
    "Password": "비밀번호",
    "Name": "이름",
    "Quit Room": "퇴장실",
    "Create a Room": "방 만들기",
    "Set Player Name": "플레이어 이름 설정",
    "Player Name": "플레이어 이름",
    "Password (optional)": "비밀번호(선택사항)",
    "Select": "선택",
    "Start": "시작",
    "Menu": "메뉴",
    "Decompress Game Core": "게임 코어 압축 풀기",
    "Decompress Game Data": "게임 데이터 압축 풀기",
    "Decompress Game Patch": "게임 패치 압축 풀기",
    "Download Game Data": "게임 데이터 다운로드",
    "Download Game Core": "게임 코어 다운로드",
    "Network Error": "네트워크 오류",
    "Default": "기본값",
    "default": "기본값",
    "Save State Location": "상태 위치 저장",
    "Save State Slot": "상태 슬롯 저장",
    "Color Palette": "컬러 팔레트",
    "No Sprite Limit": "스프라이트 제한 없음",
    "Enabled": "활성화됨",
    "Disabled": "장애인",
    "enabled": "활성화",
    "disabled": "장애인",
    "Low": "낮음",
    "High": "높음",
    "Very High": "매우 높음",
    "4 Players Support": "4인 지원",
    "Turbo Enable": "터보 활성화",
    "None": "없음",
    "Both": "둘다",
    "Region": "지역",
    "SuperFX Overclock": "SuperFX 오버클럭",
    "Sound Quality": "음질",
    "GB Colorization": "GB 채색",
    "auto": "자동",
    "internal": "내부",
    "Internal Palette": "내부 팔레트",
    "GBC - Blue": "GBC 블루",
    "GBC - Brown": "GBC 브라운",
    "GBC - Dark Blue": "GBC 다크 블루",
    "GBC - Dark Brown": "GBC 다크 브라운",
    "GBC - Dark Green": "GBC 다크 그린",
    "GBC - Grayscale": "GBC 그레이스케일",
    "GBC - Green": "GBC 그린",
    "GBC - Inverted": "GBC 반전",
    "GBC - Orange": "GBC 오렌지",
    "GBC - Red": "GBC 레드",
    "GBC - Pastel Mix": "GBC 파스텔 믹스",
    "GBC - Yellow": "GBC 옐로우",
    "Frameskip": "프레임스킵",
    "Solar sensor level": "태양광 센서 레벨",
    "Enable Turbo Buttons": "터보 버튼 활성화",
    "Turbo Delay in frames": "프레임의 터보 지연",
    "Auto": "자동",
    "Aspect Ratio (Need to refresh page)": "종횡비(페이지 새로고침 필요)",
    "16:9 Resolution": "16:9 해상도",
    "4:3 Resolution": "4:3 해상도",
    "Player 1 Pak": "플레이어 1 박",
    "Player 2 Pak": "플레이어 2 박",
    "Player 3 Pak": "플레이어 3 박",
    "Player 4 Pak": "플레이어 4 박",
    "none": "없음",
    "memory": "기억",
    "rumble": "럼블",
    "Screen layout": "화면 레이아웃",
    "right/left": "오른쪽/왼쪽",
    "left/right": "왼쪽/오른쪽",
    "bottom/top": "하단/상단",
    "top/bottom": "위/아래",
    "top only": "상단만",
    "bottom only": "하단만",
    "quick switch": "빠른 전환",
    "hybrid/bottom": "하이브리드/하단",
    "hybrid/top": "하이브리드/탑",
    "Screen Rotation": "화면 회전",
    "CPU speed": "CPU 속도",
    "Sound output": "음향 출력",
    "mono": "모노",
    "stereo": "스테레오",
    "OFF": "꺼짐",
    "ON": "켜기",
    "Fast Blitter": "빠른 블리터",
    "Bios": "바이오스",
    "Enable second memory card": "두 번째 메모리 카드 활성화",
    "Pad 1 Type": "패드 1종",
    "Pad 2 Type": "패드 2형",
    "Pad 3 Type": "패드 3종",
    "Pad 4 Type": "패드 4종",
    "standard": "표준",
    "analog": "아날로그",
    "negcon": "네그콘",
    "Enable Vibration": "진동 활성화",
    "Enable interlacing mode(s)": "인터레이스 모드 활성화",
    "Enhanced resolution (slow)": "향상된 해상도(느림)",
    "Enhanced resolution speed hack": "향상된 해상도 속도 해킹",
    "Aspect ratio": "종횡비",
    "CPU overclock": "CPU 오버클럭",
    "Force Neo Geo mode": "포스 네오지오 모드",
    "Diagnostic Input": "진단 입력",
    "download": "다운로드",
    "keep in browser": "브라우저에 보관",
    "Webassembly support is not detected in this browser": "이 브라우저에서는 웹어셈블리 지원이 감지되지 않습니다.",
    "Please upgrade your browser to the latest version": "브라우저를 최신 버전으로 업그레이드하십시오.",
    "Missing mame config": "mame 구성이 누락되었습니다.",
    "Stop Screen Recording": "화면 녹화 중지",
    "Start Screen Recording": "화면 녹화 시작",
    "Take Screenshot": "스크린샷 찍기",
    "Quick Save": "빠른 저장",
    "Quick Load": "빠른 로드"
}