{
    "i18n": {
        "restart": "Restart",
        "play": "Jogar",
        "pause": "Pausar",
        "played": "Jogado",
        "volume": "Volume",
        "mute": "Mudo (F9)",
        "unmute": "Desmutar (F9)",
        "enterFullscreen": "Tela cheia",
        "exitFullscreen": "Sair da tela cheia",
        "settings": "Configurações",
        "saveState": "Salvar Estado (Shift + F2)",
        "loadState": "Carregar Estado (Shift + F4)",
        "cacheManager": "Cache Manager",
        "screenRecord": "Começar Gravar Tela",
        "netplay": "Netplay",
        "gamepad": "Configurações do Controle",
        "cheat": "Trapaças",
        "menuBack": "Voltar ao menu anterior",
        "normal": "Normal",
        "all": "Todos",
        "reset": "Reset",
        "disabled": "Desativar",
        "enabled": "Ativar",
        "playNow": "Jogar agora"
    },
    "normalOptions": {
        "shader": {
            "label": "Sombreador",
            "options": {
                "disabled": "Desativado",
                "2xScaleHQ.glslp": "2xScaleHQ",
                "4xScaleHQ.glslp": "4xScaleHQ",
                "crt-easymode.glslp": "CRT easymode",
                "crt-aperture.glslp": "CRT aperture",
                "crt-geom.glslp": "CRT geom",
                "crt-mattias.glslp": "CRT mattias"
            },
            "default": "disabled"
        },
        "virtual-gamepad": {
            "label": "Controle Virtual",
            "options": {
                "disabled": "Desativado",
                "enabled": "Ativado"
            },
        "default": "enabled"
        }
    },
    "Control Settings": "Configurações do Controle",
    "Player 1": "Jogador 1",
    "Player 2": "Jogador 2",
    "Player 3": "Jogador 3",
    "Player 4": "Jogador 4",
    "Update": "Atualizar",
    "Reset": "Resetar",
    "Clear": "Limpar",
    "Cancel": "Cancelar",
    "Close": "Fechar",
    "Empty": "Vazio",
    "Loading": "Carregando",
    "Submit": "Enviar",
    "Description": "Descrição",
    "Code": "Código",
    "Add Cheat Code": "Adicionar Código da Trapaça",
    "OK": "OK",
    "Add Cheat": "Adicionar Trapaça",
    "Cache Manager": "Administrador de Cache",
    "Press keyboard or gamepad": "Pressione o teclado ou o controle",
    "Gamepad": "Controle",
    "Keyboard": "Teclado",
    "Set": "Definir",
    "QUICK SAVE STATE": "SALVAR ESTADO RÁPIDO",
    "QUICK LOAD STATE": "CARREGAR ESTADO RÁPIDO",
    "CHANGE STATE SLOT": "TROCAR SLOT DO ESTADO",
    "INSERT COIN": "INSERIR MOEDA",
    "Press escape (esc) to clear": "Pressione (esc) para limpar",
    "Netplay": "Netplay",
    "Rooms": "Salas",
    "Players": "Jogadores",
    "Player": "Jogador",
    "Room Name": "Nome da Sala",
    "Password": "Senha",
    "Name": "Nome",
    "Quit Room": "Sair da Sala",
    "Create a Room": "Criar uma Sala",
    "Set Player Name": "Configurar Nome do Jogador",
    "Player Name": "Nome do Jogador",
    "Password (optional)": "Senha (opcional)",
    "Select": "Select",
    "Start": "Start",
    "Menu": "Menu",
    "Decompress Game Core": "Decompress Game Core",
    "Decompress Game Data": "Decompress Game Data",
    "Decompress Game Patch": "Decompress Game Patch",
    "Download Game Data": "Download Game Data",
    "Download Game Core": "Download Game Core",
    "Network Error": "Network Error",
    "Default": "Padrão",
    "default": "padrão",
    "Save State Location": "Salvar Estado Local",
    "Save State Slot": "Salvar Slot de Estado",
    "Color Palette": "Paleta de Cores",
    "No Sprite Limit": "Sem limite de Sprite",
    "Enabled": "Ativado",
    "Disabled": "Desativado",
    "enabled": "ativado",
    "disabled": "desativado",
    "Low": "Baixo",
    "High": "Alto",
    "Very High": "Muito Alto",
    "4 Players Support": "Suporte para 4 jogadores",
    "Turbo Enable": "Ativar Turbo",
    "None": "Nenhum",
    "Both": "Ambos",
    "Region": "Região",
    "SuperFX Overclock": "SuperFX Overclock",
    "Sound Quality": "Qualidade do Som",
    "GB Colorization": "GB Colorização",
    "auto": "auto",
    "internal": "interna",
    "Internal Palette": "Paleta Interna",
    "GBC - Blue": "GBC - Azul",
    "GBC - Brown": "GBC - Marrom",
    "GBC - Dark Blue": "GBC - Azul Escuro",
    "GBC - Dark Brown": "GBC - Marrom Escuro",
    "GBC - Dark Green": "GBC - Verde Escuro",
    "GBC - Grayscale": "GBC - Cinza",
    "GBC - Green": "GBC - Verde",
    "GBC - Inverted": "GBC - Invertido",
    "GBC - Orange": "GBC - Laranja",
    "GBC - Red": "GBC - Vermelho",
    "GBC - Pastel Mix": "GBC - Pastel Mix",
    "GBC - Yellow": "GBC - Amarelo",
    "Frameskip": "Frameskip",
    "Solar sensor level": "Solar sensor level",
    "Enable Turbo Buttons": "Habilitar Botões Turbo",
    "Turbo Delay in frames": "Turbo Delay em frames",
    "Auto": "Auto",
    "Aspect Ratio (Need to refresh page)": "Aspect Ratio (Precisa atualizar a página)",
    "16:9 Resolution": "16:9 Resolução",
    "4:3 Resolution": "4:3 Resolução",
    "Player 1 Pak": "Jogador 1 Pak",
    "Player 2 Pak": "Jogador 2 Pak",
    "Player 3 Pak": "Jogador 3 Pak",
    "Player 4 Pak": "Jogador 4 Pak",
    "none": "nenhum",
    "memory": "memória",
    "rumble": "rumble",
    "Screen layout": "Layout da tela",
    "right/left": "direta/esquerda",
    "left/right": "esquerda/direta",
    "bottom/top": "fundo/principal",
    "top/bottom": "principal/fundo",
    "top only": "principal somente",
    "bottom only": "fundo somente",
    "quick switch": "troca rápida",
    "hybrid/bottom": "híbrido/fundo",
    "hybrid/top": "híbrido/principal",
    "Screen Rotation": "Rotação da Tela",
    "CPU speed": "Velocidade do CPU",
    "Sound output": "Saída de Som",
    "mono": "mono",
    "stereo": "stereo",
    "OFF": "Desligado",
    "ON": "Ligado",
    "Fast Blitter": "Fast Blitter",
    "Bios": "Bios",
    "Enable second memory card": "Habilitar segundo cartão de memória",
    "Pad 1 Type": "Pad Tipo 1",
    "Pad 2 Type": "Pad Tipo 2",
    "Pad 3 Type": "Pad Tipo 3",
    "Pad 4 Type": "Pad Tipo 4",
    "standard": "padrão",
    "analog": "analógico",
    "negcon": "negcon",
    "Enable Vibration": "Habilitar Vibração",
    "Enable interlacing mode(s)": "Ativar o modo de entrelaçamento(s)",
    "Enhanced resolution (slow)": "Resolução melhorada (lento)",
    "Enhanced resolution speed hack": "Velocidade de Reprodução",
    "Aspect ratio": "Aspect ratio",
    "CPU overclock": "CPU overclock",
    "Force Neo Geo mode": "Force Neo Geo mode",
    "Diagnostic Input": "Diagnostic Input",
    "download": "download",
    "keep in browser": "manter no navegador",
    "Webassembly support is not detected in this browser": "Suporte Webassembly não foi detectado neste navegador",
    "Please upgrade your browser to the latest version": "Por favor atualize seu navegador para a última versão",
    "Missing mame config": "Falta a configuração do mame",
    "Stop Screen Recording": "Parar Gravar Tela",
    "Start Screen Recording": "Começar Gravar Tela",
    "Take Screenshot": "Tirar Print",
    "Quick Save": "Salvar rápido",
    "Quick Load": "Carregar rápido"
}
