{
    "i18n": {
        "restart": "Начать сначала",
        "play": "Играть",
        "pause": "Пауза",
        "played": "Играл",
        "volume": "Громкость",
        "mute": "Отключить звук (F9)",
        "unmute": "Включить звук (F9)",
        "enterFullscreen": "Войти в полноэкранный режим",
        "exitFullscreen": "Выйти из полноэкранного режима",
        "settings": "Настройки",
        "saveState": "Сохранить состояние (Shift + F2)",
        "loadState": "Загрузить состояние (Shift + F4)",
        "cacheManager": "Cache Manager",
        "screenRecord": "Начать запись экрана",
        "netplay": "Сетевая игра",
        "gamepad": "Настройки управления",
        "cheat": "Читы",
        "menuBack": "Вернуться в предыдущее меню",
        "normal": "Нормальный",
        "all": "Все",
        "reset": "Сбросить",
        "disabled": "Отключено",
        "enabled": "Включено",
        "playNow": "Играть сейчас"
    },
    "normalOptions": {
        "shader": {
            "label": "Шейдер",
            "options": {
                "disabled": "Отключено",
                "2xScaleHQ.glslp": "2xScaleHQ",
                "4xScaleHQ.glslp": "4xScaleHQ",
                "crt-easymode.glslp": "ЭЛТ простой режим",
                "crt-aperture.glslp": "ЭЛТ-диафрагма",
                "crt-geom.glslp": "ЭЛТ геометрия",
                "crt-mattias.glslp": "CRT mattias"
            },
            "default": "disabled"
        },
        "virtual-gamepad": {
            "label": "Виртуальный геймпад",
            "options": {
                "disabled": "Отключено",
                "enabled": "Включено"
            },
            "default": "enabled"
        }
    },
    "Control Settings": "Настройки управления",
    "Player 1": "Игрок 1",
    "Player 2": "Игрок 2",
    "Player 3": "Игрок 3",
    "Player 4": "Игрок 4",
    "Update": "Обновить",
    "Reset": "Сбросить",
    "Clear": "Очистить",
    "Cancel": "Отменить",
    "Close": "Закрыть",
    "Empty": "Пустой",
    "Loading": "Загрузка",
    "Submit": "Отправить",
    "Description": "Описание",
    "Code": "Код",
    "Add Cheat Code": "Добавить чит-код",
    "OK": "ОК",
    "Add Cheat": "Добавить чит",
    "Cache Manager": "Менеджер кеша",
    "Press keyboard or gamepad": "Нажмите клавиатуру или геймпад",
    "Gamepad": "Геймпад",
    "Keyboard": "Клавиатура",
    "Set": "Установить",
    "QUICK SAVE STATE": "БЫСТРОЕ СОХРАНЕНИЕ",
    "QUICK LOAD STATE": "СОСТОЯНИЕ БЫСТРОЙ ЗАГРУЗКИ",
    "CHANGE STATE SLOT": "ИЗМЕНИТЬ СОСТОЯНИЕ СЛОТА",
    "INSERT COIN": "ВСТАВЬТЕ МОНЕТУ",
    "Press escape (esc) to clear": "Нажмите escape (esc)",
    "Netplay": " чтобы очистить",
    "Rooms": "Сетевая игра",
    "Players": "Комнаты",
    "Player": "Игроки",
    "Room Name": "Игрок",
    "Password": "Название комнаты",
    "Name": "Пароль",
    "Quit Room": "Имя",
    "Create a Room": "Выйти из комнаты",
    "Set Player Name": "Создать комнату",
    "Player Name": "Установить имя игрока",
    "Password (optional)": "Имя игрока",
    "Select": "Пароль (необязательно)",
    "Start": "Выбрать",
    "Menu": "Старт",
    "Decompress Game Core": "Меню",
    "Decompress Game Data": "Распаковать игровое ядро",
    "Decompress Game Patch": "Распаковать игровые данные",
    "Download Game Data": " Распаковать игровой патч",
    "Download Game Core": "Загрузить игровые данные",
    "Network Error": "Загрузить игровое ядро",
    "Default": "Сетевая ошибка",
    "default": "По умолчанию",
    "Save State Location": "по умолчанию",
    "Save State Slot": "Сохранить местоположение состояния",
    "Color Palette": "Сохранить ячейку состояния",
    "No Sprite Limit": "Цветовая палитра",
    "Enabled": "Без ограничений по спрайтам",
    "Disabled": "Включено",
    "enabled": "Отключено",
    "disabled": "включено",
    "Low": "отключено",
    "High": "Низкий",
    "Very High": "Высокий",
    "4 Players Support": "Очень высокий",
    "Turbo Enable": "Поддержка 4 игроков",
    "None": "Турбо включить",
    "Both": "Нет",
    "Region": "Оба",
    "SuperFX Overclock": "Регион",
    "Sound Quality": "Разгон SuperFX",
    "GB Colorization": "Качество звука",
    "auto": "GB раскрашивание",
    "internal": "авто",
    "Internal Palette": "внутренний",
    "GBC - Blue": "Внутренняя палитра",
    "GBC - Brown": "GBC Синий",
    "GBC - Dark Blue": "ГБК Браун",
    "GBC - Dark Brown": "GBC темно-синий",
    "GBC - Dark Green": "GBC темно-коричневый",
    "GBC - Grayscale": "GBC темно-зеленый",
    "GBC - Green": "GBC Оттенки серого",
    "GBC - Inverted": "GBC Зеленый",
    "GBC - Orange": "GBC перевернутый",
    "GBC - Red": "GBC Оранжевый",
    "GBC - Pastel Mix": "GBC Красный",
    "GBC - Yellow": "Пастельный микс GBC",
    "Frameskip": "GBC Желтый",
    "Solar sensor level": "Пропуск кадров",
    "Enable Turbo Buttons": "Уровень солнечного датчика",
    "Turbo Delay in frames": "Включить турбо-кнопки",
    "Auto": " Турбо-задержка в кадрах",
    "Aspect Ratio (Need to refresh page)": "Авто",
    "16:9 Resolution": "Соотношение сторон (необходимо обновить страницу)",
    "4:3 Resolution": "Разрешение 16:9",
    "Player 1 Pak": "Разрешение 4:3",
    "Player 2 Pak": "Игрок 1 пакет",
    "Player 3 Pak": "Пакет игроков 2",
    "Player 4 Pak": "Игрок 3 пакет",
    "none": "Игрок 4 пакет",
    "memory": "нет",
    "rumble": "память",
    "Screen layout": "гул",
    "right/left": "Раскладка экрана",
    "left/right": "право/лево",
    "bottom/top": "влево/вправо",
    "top/bottom": "низ/верх",
    "top only": "сверху/снизу",
    "bottom only": "только сверху",
    "quick switch": "только снизу",
    "hybrid/bottom": "быстрый переключатель",
    "hybrid/top": "гибрид/низ",
    "Screen Rotation": "гибрид/топ",
    "CPU speed": "Поворот экрана",
    "Sound output": "скорость процессора",
    "mono": "Вывод звука",
    "stereo": "моно",
    "OFF": "стерео",
    "ON": "ВЫКЛ.",
    "Fast Blitter": "ВКЛ",
    "Bios": "Быстрый налет",
    "Enable second memory card": "биос",
    "Pad 1 Type": "Включить вторую карту памяти",
    "Pad 2 Type": "Пэд 1 Тип",
    "Pad 3 Type": "Пэд 2 Тип",
    "Pad 4 Type": "Пэд 3 Тип",
    "standard": "Пэд 4 Тип",
    "analog": "стандарт",
    "negcon": "аналоговый",
    "Enable Vibration": "негкон",
    "Enable interlacing mode(s)": "Включить вибрацию",
    "Enhanced resolution (slow)": "Включить режим чересстрочной развертки",
    "Enhanced resolution speed hack": "Улучшенное разрешение (медленно)",
    "Aspect ratio": "Хак с увеличенной скоростью разрешения",
    "CPU overclock": "Соотношение сторон",
    "Force Neo Geo mode": "Разгон процессора",
    "Diagnostic Input": "Принудительный режим Neo Geo",
    "download": "Диагностический ввод",
    "keep in browser": "скачать",
    "Webassembly support is not detected in this browser": "держать в браузере",
    "Please upgrade your browser to the latest version": "Поддержка Webassembly не обнаружена в этом браузере",
    "Missing mame config": "Пожалуйста",
    "Stop Screen Recording": " обновите браузер до последней версии",
    "Start Screen Recording": "Отсутствует конфигурация мамы",
    "Take Screenshot": "Остановить запись экрана",
    "Quick Save": "Начать запись экрана",
    "Quick Load": "Сделать снимок экрана"
}