{
    "i18n": {
        "restart": "重新开始",
        "play": "播放",
        "pause": "暂停",
        "played": "已玩",
        "volume": "音量",
        "mute": "静音 (F9)",
        "unmute": "取消静音 (F9)",
        "enterFullscreen": "进入全屏",
        "exitFullscreen": "退出全屏",
        "settings": "设置",
        "saveState": "保存状态（Shift + F2）",
        "loadState": "加载状态 (Shift + F4)",
        "screenRecord": "开始录屏",
        "netplay": "网络游戏",
        "gamepad": "控制设置",
        "cheat": "秘籍",
        "menuBack": "返回上级菜单",
        "normal": "正常",
        "all": "全部",
        "reset": "重置",
        "disabled": "禁用",
        "enabled": "启用",
        "playNow": "开始游戏"
    },
    "normalOptions": {
        "shader": {
            "label": "着色器",
            "options": {
                "disabled": "禁用",
                "2xScaleHQ.glslp": "2xScaleHQ",
                "4xScaleHQ.glslp": "4xScaleHQ",
                "crt-easymode.glslp": "CRT简易模式",
                "crt-aperture.glslp": "CRT孔径",
                "crt-geom.glslp": "CRT几何",
                "crt-mattias.glslp": "CRT mattias"
            },
            "default": "disabled"
        },
        "virtual-gamepad": {
            "label": "虚拟游戏手柄",
            "options": {
                "disabled": "禁用",
                "enabled": "启用"
            },
            "default": "enabled"
        }
    },
    "Control Settings": "控制器设置",
    "Player 1": "玩家1",
    "Player 2": "玩家2",
    "Player 3": "玩家3",
    "Player 4": "玩家4",
    "Update": "更新",
    "Reset": "重置",
    "Clear": "清除",
    "Cancel": "取消",
    "Close": "关闭",
    "Empty": "空",
    "Loading": "加载中",
    "Submit": "提交",
    "Description": "说明",
    "Code": "代码",
    "Add Cheat Code": "添加作弊码",
    "OK": "确定",
    "Add Cheat": "添加作弊",
    "Cache Manager": "缓存管理器",
    "Press keyboard or gamepad": "按键盘或游戏手柄",
    "Gamepad": "游戏手柄",
    "Keyboard": "键盘",
    "Set": "设置",
    "QUICK SAVE STATE": "快速保存状态",
    "QUICK LOAD STATE": "快速加载状态",
    "CHANGE STATE SLOT": "更改状态槽",
    "INSERT COIN": "插入硬币",
    "Press escape (esc) to clear": "按退出 (esc) 清除",
    "Netplay": "网络游戏",
    "Rooms": "房间",
    "Players": "玩家集合",
    "Player": "玩家",
    "Room Name": "房间名称",
    "Password": "密码",
    "Name": "姓名",
    "Quit Room": "退出房间",
    "Create a Room": "创建房间",
    "Set Player Name": "设置玩家姓名",
    "Player Name": "玩家姓名",
    "Password (optional)": "密码（可选）",
    "Select": "选择",
    "Start": "开始",
    "Menu": "菜单",
    "Decompress Game Core": "解压游戏内核",
    "Decompress Game Data": "解压游戏数据",
    "Decompress Game Patch": "解压游戏补丁",
    "Download Game Data": "下载游戏资料",
    "Download Game Core": "下载游戏内核",
    "Network Error": "网络错误",
    "Default": "默认",
    "default": "默认",
    "Save State Location": "保存状态位置",
    "Save State Slot": "保存状态槽",
    "Color Palette": "调色板",
    "No Sprite Limit": "无精灵图限制",
    "Enabled": "启用",
    "Disabled": "禁用",
    "enabled": "启用",
    "disabled": "已禁用",
    "Low": "低",
    "High": "高",
    "Very High": "非常高",
    "4 Players Support": "4 玩家支持",
    "Turbo Enable": "加速启用",
    "None": "无",
    "Both": "两者",
    "Region": "地区",
    "SuperFX Overclock": "SuperFX 超频",
    "Sound Quality": "音质",
    "GB Colorization": "GB 着色",
    "auto": "自动",
    "internal": "内部",
    "Internal Palette": "内部调色板",
    "GBC - Blue": "GBC蓝",
    "GBC - Brown": "GBC 棕色",
    "GBC - Dark Blue": "GBC 深蓝",
    "GBC - Dark Brown": "GBC 深棕色",
    "GBC - Dark Green": "GBC 深绿色",
    "GBC - Grayscale": "GBC灰度",
    "GBC - Green": "GBC 绿色",
    "GBC - Inverted": "GBC 倒置",
    "GBC - Orange": "GBC 橙",
    "GBC - Red": "GBC红",
    "GBC - Pastel Mix": "GBC 粉彩混合",
    "GBC - Yellow": "GBC 黄色",
    "Frameskip": "跳帧",
    "Solar sensor level": "太阳能传感器级",
    "Enable Turbo Buttons": "启用 Turbo 按钮",
    "Turbo Delay in frames": "以帧为单位的涡轮延迟",
    "Auto": "自动",
    "Aspect Ratio (Need to refresh page)": "长宽比（需要刷新页面）",
    "16:9 Resolution": "16:9 分辨率",
    "4:3 Resolution": "4:3 分辨率",
    "Player 1 Pak": "玩家 1 震动",
    "Player 2 Pak": "玩家 2 震动",
    "Player 3 Pak": "玩家 3 震动",
    "Player 4 Pak": "玩家 4 震动",
    "none": "无",
    "memory": "内存",
    "rumble": "震动",
    "Screen layout": "画面布局",
    "right/left": "右/左",
    "left/right": "左/右",
    "bottom/top": "底部/顶部",
    "top/bottom": "上/下",
    "top only": "仅顶部",
    "bottom only": "仅底部",
    "quick switch": "快速切换",
    "hybrid/bottom": "混合/底部",
    "hybrid/top": "混合/顶部",
    "Screen Rotation": "屏幕旋转",
    "CPU speed": "CPU 速度",
    "Sound output": "声音输出",
    "mono": "单声道",
    "stereo": "立体声",
    "OFF": "关闭",
    "ON": "开",
    "Fast Blitter": "快速Blitter",
    "Bios": "Bios",
    "Enable second memory card": "启用第二张存储卡",
    "Pad 1 Type": "Pad 1 类型",
    "Pad 2 Type": "Pad 2 类型",
    "Pad 3 Type": "Pad 3 类型",
    "Pad 4 Type": "Pad 4 类型",
    "standard": "标准",
    "analog": "模拟",
    "negcon": "negcon",
    "Enable Vibration": "启用振动",
    "Enable interlacing mode(s)": "启用隔行扫描模式",
    "Enhanced resolution (slow)": "增强分辨率（慢）",
    "Enhanced resolution speed hack": "增强的分辨率速度破解",
    "Aspect ratio": "长宽比",
    "CPU overclock": "CPU超频",
    "Force Neo Geo mode": "强制 Neo Geo 模式",
    "Diagnostic Input": "诊断输入",
    "download": "下载",
    "keep in browser": "保留在浏览器中",
    "Webassembly support is not detected in this browser": "在此浏览器中未检测到 Webassembly 支持",
    "Please upgrade your browser to the latest version": "请将您的浏览器升级到最新版本",
    "Missing mame config": "缺少 MAME 配置项",
    "Stop Screen Recording": "停止录屏",
    "Start Screen Recording": "开始录屏",
    "Take Screenshot": "截图",
    "Quick Save": "快速保存",
    "Quick Load": "快速加载"
}
